cnt_id,Number
1,9.95543E+11
2,27564577728
3,9.95947E+11
4,3.87239E+11
5,2.506E+11
6,3.74421E+11
7,2.23575E+11
8,3.87294E+11
9,3.74616E+11
10,9.95377E+11
11,93275460892
12,2.23924E+11
